club,club_pk
번리,0001
프로시노네,0002
레나테,0003
SV 메펜,0004
MTV 기프호른,0005
아노르토시스 파마구스타 FC,0006
BSK 보르차,0007
안산 그리너스 FC,0008
클럽 브루게,0009
아약스 케이프 타운,0010
우이페슈트 FC,0011
앤트워프,0012
SK 오스트리아 클라겐푸르트,0013
오모니아 니코시아,0014
에르지예스포르,0015
루케제,0016
비첸자,0017
다롄 프로축구단,0018
요코하마 플뤼겔스,0019
죄네스 스포르티브 마디네트 티아레,0020
AS 생프리에스트,0021
찰턴 애슬레틱,0022
브웽키트니 가빈,0023
팔켄베리 FF,0024
MFK 코시체,0025
구아야킬 시티,0026
CD 비토리아,0027
SC 라인도르프 알타흐,0028
노리치 시티,0029
SV 아샤펜부르크-담,0030
쓰촨 FC,0031
퀸 오브 더 사우스 ,0032
CD 똘레도,0033
코임브라 미나스제라이스,0034
우라칸 발렌시아,0035
이라클리스 FC,0036
칼라일 유나이티드,0037
AS 트렌친,0038
바르셀로나 SC 과야낄,0039
알파테,0040
핀 하프스,0041
루이빌 시티 FC,0042
CR 벨루이즈다드,0043
나우티쿠,0044
프라포트 TAV 안탈랴스포르,0045
카타니아,0046
FC 루앙,0047
그라처 AK,0048
배스 시티,0049
광저우 FC,0050
AC 밀란,0051
SV 다름슈타트 98,0052
FC 로잔-스포르,0053
브라가,0054
옥스퍼드 유나이티드,0055
FC 안양,0056
밴쿠버 화이트캡스,0057
KVC 베스테를로,0058
브뤼네 FK,0059
스키브 IK,0060
울버햄프턴 원더러스,0061
레온,0062
레인저스,0063
멜버른 빅토리,0064
다롄 스더,0065
RNK 스플리트,0066
주앵빌,0067
크루제이루,0068
브라가 B,0069
코린치안스,0070
베갈타 센다이,0071
입스위치 타운,0072
CS 에멜레크,0073
힘나시아 후후이,0074
ES 튀니스,0075
옌볜 푸더,0076
부퍼탈러 SV,0077
베이징 런허 FC,0078
풀라드 FC,0079
보스턴 유나이티드,0080
하포엘 텔아비브,0081
스포르트 우앙카요,0082
US 라온,0083
빅뱅 출라 유나이티드,0084
웰링 유나이티드,0085
무아이다르 SC,0086
웨이머스 FC,0087
CA 사카테페크,0088
뉴저지 아메리칸스,0089
촐노모레츠 오뎃사,0090
쿠리치바,0091
그레미우 아나폴리스,0092
카타르 SC,0093
양주시민축구단,0094
드로이다 유나이티드,0095
포틀랜드 팀버스 2,0096
페나폴렌세,0097
IFK 헤슬레홀름,0098
하포엘 라아나나,0099
데포르티보 파스토,0100
FC 바이에른 뮌헨 II,0101
CD 바다호스,0102
아카데미쿠 비제우,0103
AFC 에스킬스투나,0104
BFC 듀나모,0105
푸체키오,0106
GD 인테르클루브,0107
1. FC 하이덴하임,0108
세르베트 FC,0109
샤르자 SC,0110
보스턴 미닛맨,0111
도쿄 베르디,0112
다트포드,0113
서울 TNT 핏투게더,0114
아틀레티코 나시오날,0115
오스틴 FC,0116
주빌로 이와타,0117
그레미오 노보리존티노,0118
알샤하니아,0119
크리스털 팰리스,0120
상카에타누,0121
FC 사부르탈로,0122
베식타시 JK,0123
호로야 AC,0124
부르사스포르,0125
가마타마레 사누키,0126
올랜도 파이리츠,0127
바이에른 알즈나우,0128
아다나스포르,0129
FC 오버노일란트,0130
콰라 유나이티드,0131
톈진 톈하이 FC,0132
AD 알코르콘,0133
브레시아,0134
포항 스틸러스,0135
비아레조,0136
조랴 루한시크,0137
알리아 FK,0138
상 파울루,0139
티그레스 데라 UANL,0140
윌밍턴 해머헤즈,0141
비르통,0142
오사수나 프로메사스,0143
클루브 아틀레티코 알도시비,0144
스타베크 포트발,0145
AA 겐트,0146
슬로보다 투즐라,0147
질 비센트 FC,0148
케랄라 블래스터스 FC,0149
FK 헤우게순,0150
아메리카 FC,0151
하코아 아미다르 라마트간,0152
도쿠시마 보르티스,0153
보스톤 리버,0154
키에보 베로나,0155
데포르티보 타치라,0156
FK 스렘,0157
SC 파더보른 07,0158
마카비 텔아비브,0159
만따 풋볼 클루브,0160
반 OC,0161
알와슬,0162
NK 비노그라다르,0163
FC 트벤터,0164
도라도 데 시나로아,0165
AEL 리마솔,0166
크루 알렉산드라,0167
1. FSV 마인츠 05,0168
워싱턴 디플로매츠,0169
SM 상가 발렌데 ,0170
몬테디오 야마가타,0171
FK 요나바,0172
치타델라,0173
사릅스보르그 08,0174
데포르티보 메를로,0175
카푸에 셀틱 FC,0176
캐롤라이나 다이너모,0177
FC 라흐티,0178
탐피코 마데로,0179
기라반츠 기타큐슈,0180
SC 바스티아,0181
볼레렌가,0182
샤흐타르 도네츠크,0183
리버풀,0184
요코하마 FC,0185
더스파구사쓰 군마,0186
TSV 하르트베르크,0187
레사,0188
FC 르몽,0189
파수스 드 페헤이라,0190
하버뷰,0191
FK 라드,0192
V-파렌 나가사키,0193
브레이다블리크 코파보귀르,0194
알리안사 리마,0195
FC 루체른,0196
모르도비아 사란스크,0197
너니턴 타운,0198
이라티 스포르트 클럽,0199
모레이렌스,0200
카라카스 FC,0201
샤무아 니오르테 FC,0202
UD 레이리아,0203
FC 카르타헤나,0204
저장 이텅,0205
오호드 클럽,0206
오렌지 카운티 SC,0207
마사틀란 풋볼 클럽,0208
노바라,0209
레알 아빌라 CF,0210
맨체스터 유나이티드,0211
페네르바흐체 SK,0212
샤를루아,0213
LOSC 릴,0214
우라칸,0215
FC 루가노,0216
FC 폴렌담,0217
토린세,0218
AD Os 리미아누스,0219
포리스트 그린 로버스,0220
리버풀 유스팀,0221
제주 유나이티드,0222
CD 오'히긴스,0223
1. FC 카이저슬라우테른 II,0224
FC 메스,0225
FC 올렉산드리야,0226
님 올랭피크,0227
즈린스키 모스타르,0228
UE 미아푸에스타 빌라후이가,0229
호앙아인 잘라이,0230
RC 데포르티보,0231
에스페랑스 튀니스,0232
페어필드 스택스,0233
주니어 비엘레제 리베르타스,0234
서울 유나이티드,0235
IFK 예테보리,0236
산로렌소 데 알마그로,0237
스파르타크 탐보프,0238
세스타오 리버 클럽,0239
알아흘리 두바이,0240
보타포고 - SP,0241
지로나 FC,0242
하노버 96,0243
길레르모 브라운,0244
신트-트라위던,0245
FK 보츠도박,0246
FC 모스크바 ,0247
산타 크루즈,0248
포르데노네,0249
빗베스트 비츠 FC,0250
페나롤 아틀레치쿠 클루비,0251
부천 FC 1995,0252
테라모,0253
바랑키야 FC,0254
레반테 UD,0255
뉴욕 코스모스,0256
곰베 유나이티드 FC,0257
페르골레테제 1932,0258
SV 베헨 비스바덴,0259
FC 졸로투른,0260
UD 알메이라 B,0261
비토리아 SC,0262
키커스 오펜바흐,0263
강릉시청,0264
윔라니예스포르,0265
RCD 마요르카 B,0266
시카고 파이어 FC,0267
물루디아 샤비아 알제,0268
아타카슈 하타이스포르,0269
코크 셀틱,0270
에스비에르 fB,0271
델파 포르투 톨레,0272
라푸안 비르키에,0273
베르가모 칼초,0274
청주 시청 FC,0275
바리,0276
알 샤밥 두바이,0277
에누구 레인저스 인터내셔널,0278
쿠네오,0279
던스터블 타운,0280
CA 바스티아,0281
FK 수두바,0282
코린치앙스 알라고아누,0283
FC 기후,0284
피터버러 유나이티드,0285
CSA - AL,0286
FK 베자니야,0287
오자스쿠 아우다스 상파울루,0288
솔 데 아메리카,0289
인테르,0290
히버니언,0291
로트바이스 에센,0292
론드리나,0293
해로 버러 FC,0294
알샤말,0295
NK 자다르,0296
우니베르시다드 세사르 바예호,0297
크리스티안순 BK,0298
CD 안토파가스타,0299
CA 세로,0300
알아인 FC,0301
FC 볼룬따리,0302
사투른 라멘스코예,0303
살게이루스,0304
알타무라,0305
AE 라리사,0306
UD 이비사,0307
TS 갤럭시 FC,0308
오이펜,0309
인천 유나이티드,0310
상하이 유나이티드,0311
외르그뤼테 IS,0312
세레소 오사카,0313
칼마르 FF,0314
알사일리야 SC,0315
KV 코르트레이크,0316
FC 리퍼링,0317
우니앙 푸치볼 클루비,0318
레알 마드리드 C,0319
오첼룰 갈라치,0320
FK 라드니치키 노바파조바,0321
클럽 스포르티보 세르지피,0322
클라우세넹엔 FK,0323
오이타 트리니타,0324
아메리카누 FC,0325
헤멜 헴스테드,0326
레알 소시에다드 B,0327
쇼난 벨마레,0328
BSC 영보이스,0329
TPS 투르쿠,0330
알 이티하드 알렉산드리아,0331
인테르 데 마드리드 DUX,0332
에스키셰히르스포르,0333
로센보르그 BK,0334
클뢰브 아프리캉,0335
슬라벤 벨루포 코프리브니차,0336
아인트라흐트 프랑크푸르트,0337
요빌 타운,0338
아스날 키이우,0339
아메리카 미네이루,0340
SV 조딩엔,0341
FC 빌 1900,0342
볼리바르,0343
데펜소르 스포르팅,0344
라도미아크 라돔,0345
펠게이라스,0346
NK 올림피야 류블랴나,0347
파말리캉,0348
위컴 원더러스,0349
라 아한,0350
SV 링스,0351
오클랜드 시티,0352
피사,0353
클루브 아틀레티코 센트랄 코르도바,0354
로토브 볼고그라드,0355
DKS 도브레 미아스토,0356
파르마,0357
드림즈 FC,0358
구이저우 헝펑 FC,0359
비토리아 데 기마레스,0360
엘라지스포르,0361
츠에겐 가나자와,0362
티그레,0363
FK 차슬라프,0364
오라리아 AC,0365
FC 괴뇽,0366
산티아고 원더러스,0367
엔비하도 FC,0368
아틀레티쿠 미네이루,0369
바이엘 04 레버쿠젠,0370
알비렉스 니가타,0371
투룬 팔로세우라,0372
데펜사 이후스티시아,0373
빌렘 II,0374
가시마 앤틀러스,0375
그바르디아 코샬린,0376
발라 타운,0377
엘모카울룬 알아랍,0378
상하이 푸동 조본,0379
CD 미란데스,0380
페호비아리아,0381
AC 삼보니파체제,0382
보타포구,0383
크라코비아,0384
카시아스,0385
MKE 앙카라귀쥐,0386
알타이 SK,0387
프레우문드,0388
메이저우 하카,0389
FC 푸네 시티,0390
목포시청,0391
셸본 FC,0392
SC 페를,0393
푸에블라,0394
아흐마트 그로즈니,0395
케비루앙 메트로폴,0396
에스테그랄 테흐란,0397
허더즈필드 타운,0398
엑스트레마두라 UD,0399
슬로반 리베레츠,0400
크리시우마,0401
미요나리오스 FC,0402
마두레이라 - RJ,0403
스포르팅 히혼,0404
PRS 풋볼 클루브,0405
트리에스티나,0406
오볼론 키예프,0407
FC 우파,0408
CO 몬티조,0409
IF 엘프스보리,0410
CE 마타로,0411
상하이 선신,0412
내슈빌 SC,0413
메탈리스트 하르키우,0414
TNS 산산프라이드 FC,0415
HFC 하를럼,0416
MFK 비트코비체,0417
오페라리우 페호비아리우 이스포르치 클루비,0418
캔자스시티 위저즈,0419
포트 베일,0420
FC 블라디캅카스,0421
메탈루르흐 도네츠크,0422
아틀레티코 CP,0423
엥엘홀름 FF,0424
믈라도스트 루차니,0425
아브하 클럽,0426
제이틴부르누스포르,0427
보라츠 차차크,0428
베리아 FC,0429
치앙마이 유나이티드,0430
구아라칭게타 풋볼 Ltda.,0431
K 베이르스호트 VA,0432
퀸스파크 레인저스,0433
카디프 시티,0434
위건 애슬래틱,0435
리가 데스포르티바 데 마푸토,0436
토론토 링스,0437
보헤미언스,0438
스포르트,0439
베팀,0440
야기엘로니아 비야위스토크,0441
IFK 말뫼,0442
SL 벤피카 B,0443
디오슈죄리 VTK,0444
알트노르두 FK,0445
올보르 BK,0446
용 아약스,0447
FC 코페르,0448
저지 익스프레스 SC,0449
바르베리 BoIS FC,0450
파스타프 즐린,0451
올덤 애슬레틱,0452
FK 소치,0453
알레마니아 아헨,0454
우니온 아틀레티코 마라카이보,0455
TP 마젬베,0456
아샨티골드 SC,0457
US 루아,0458
마이애미 FC,0459
나폴리 FC,0460
라쿠프 쳉스트호바,0461
CF 몬테레이,0462
바레세,0463
타우리야 심페로폴,0464
대전 하나 시티즌,0465
AC 벨린초나,0466
비소치나 이흘라바,0467
포츠머스,0468
CD 레가네스,0469
UD 라스팔마스,0470
푼타레나스 FC,0471
미들즈브러,0472
NK 인터블록 류블랴나,0473
라싱 산탄데르 B,0474
충칭 량장 징지,0475
주니오르 팀 푸트볼(PR) ,0476
러시든 & 다이아몬즈,0477
헤르타 BSC II,0478
아카데미카,0479
알가라파 SC,0480
인버네스 CT,0481
토리노,0482
벤피카 카스텔로 브랑코,0483
선전 FC,0484
아브르 AC,0485
HNK 시베니크,0486
BEC 테로 사사나,0487
바니크 오스트라바,0488
탄타 클럽 ,0489
용인시청 축구단,0490
레노파 야마구치,0491
헤타페 CF,0492
LKS 로츠 ,0493
IK 시리우스,0494
데포르티부 다스 아베스,0495
유르고르덴 IF,0496
디종 FCO,0497
메디폴 바샥셰히르,0498
워킹,0499
로바니에미 PS,0500
제노아,0501
올림피아 아순시온,0502
이스탄불스포르,0503
후안 아우리치,0504
충주 험멜 FC,0505
루비오 누,0506
FC 샤프하우젠,0507
치아파스 FC,0508
1. FC 마그데부르크,0509
랏차부리 미트르 폴 FC,0510
CD 코브레살,0511
알비노레페,0512
포자,0513
예니 말라탸스포르,0514
함마르뷔 IF,0515
VK 비에르데,0516
페르십 반둥,0517
SV 군타마틱 리트,0518
CD 톤델라,0519
FC 리모네,0520
김천 상무,0521
카노 필러스 FC,0522
나프레다크 크루셰바츠,0523
스포르팅 크리스탈,0524
알자지라,0525
레알 라싱 클루브,0526
AA 아파레시덴세,0527
앙제 SCO,0528
데포르티보 에스파뇰,0529
양평 FC,0530
드니프로 드니프로페트로우스크,0531
FC 샬케 04,0532
샬럿 인디펜던스,0533
샤페코엔시,0534
마이애미 퓨전,0535
렉섬 AFC,0536
알이티하드,0537
세르탕지뉴 FC,0538
시에나,0539
세바스토폴,0540
교토 상가,0541
페냐롤,0542
산 루이스,0543
루흐 라지온코프,0544
바우반 스트라스부르크,0545
벤투라 카운티 퓨전,0546
우돈 타니 FC,0547
산 마르코스,0548
더비 카운티,0549
벨레넨세스 SAD,0550
HB Køge,0551
FC 보토샤니,0552
TSV 하벨세,0553
디에겜 스포르트,0554
CMS 오이셀,0555
인디펜디엔테 메데인,0556
아르세날 데사란디,0557
파울리스타,0558
에스토릴,0559
센트루 스포르치부 알라고아누,0560
첼트넘 타운,0561
프레스냐 모스크바,0562
알파이살리,0563
UD 라스 팔마스 B,0564
산타 클라라,0565
이뻬르졸라,0566
루셀라러,0567
FC 파싱,0568
알미르 시티 FC,0569
감바 오사카,0570
밀월,0571
KTP,0572
FC 바젤 1893,0573
벨렌,0574
알샤밥,0575
디나모 키이우 II,0576
함부르크 SV,0577
FC 에먼,0578
로트바이스 알렌,0579
즈니치 프루슈쿠프,0580
스파르타크 블라디카프카츠 ,0581
아우스트리아 케른텐,0582
루흐 호르초프,0583
암카르 페름,0584
바라칼도 CF,0585
브네이 예후다 텔 아비브,0586
데포르티보 칼리,0587
FC 비토룰,0588
라티나,0589
SC 헤이렌베인,0590
FK 야블로네츠,0591
토론토 메트로스-크로아티아,0592
부리람 유나이티드,0593
웰링턴 피닉스,0594
상하이 선화,0595
루도고레츠 라즈그라드,0596
LDU 키토,0597
샤토루,0598
FK 추카레츠키,0599
CD 루고,0600
산타 마리아 FC,0601
MFK 루좀베로크,0602
카펜베르크 SV,0603
UD 로그로녜스,0604
라요 바예카노 B,0605
CD 테루엘,0606
하포엘 아크레,0607
하틀풀 Utd.,0608
나사프 카르시,0609
웨스트 햄 유나이티드,0610
멜버른 시티,0611
폰테 프레타,0612
코빌량,0613
클루브 우니베르시타리오 데 데포르테스,0614
선전 펑펑,0615
헤리퍼드 유나이티드,0616
아술 클라로 누마주,0617
폴리스 테로 FC,0618
FC 마이애미 시티,0619
에트니코스 피레아스,0620
AGOVV 아펠도른,0621
빅토리아 코로노보,0622
KAMAZ N. 첼니,0623
삼베네데테제,0624
하노버 96 II,0625
키에티,0626
로스앤젤레스 아즈텍스,0627
블라우-바이스 린츠,0628
하포엘 브엘세바,0629
아스테라스 트리폴리,0630
알이티하드 칼바,0631
EC 비토리아,0632
비그레 수바우키,0633
클루브 우니베르시다드 나시오날,0634
외레브로 SK,0635
르망 FC B,0636
아브니르 스포르티프 베지에,0637
로케런,0638
스파르타 로테르담,0639
맨스필드 타운,0640
라싱 클루브 데 몬테비데오,0641
세로 포르테뇨,0642
클루브 아틀레티코 아틀란타,0643
FC 헤브로스,0644
SC 파렌스,0645
FC 안시,0646
알코르 SC,0647
프레쥐스-생-라파엘 FC,0648
안코나,0649
포수스 지 카우다스,0650
상 베르나르두 FC,0651
SV 아우어슈마허,0652
젤레즈니차르 사라예보,0653
시티즌,0654
네프치 바쿠,0655
아스널,0656
아리스 리마쏠,0657
UD 알메리아,0658
FC 그라핀 블라심,0659
CS 에레디아노,0660
아스케르 포트발,0661
허베이 FC,0662
FK 신젤리치 베오그라드,0663
오스본 파크 갈렙,0664
루앙-퀴조,0665
CD 코르랄리호,0666
디나모 부쿠레슈티,0667
휴스턴 다이너모,0668
노던 퓨어리 FC,0669
US 아브랑슈,0670
CD 알칼라,0671
발렌시아 CF,0672
판두리 트르구지우,0673
VfL 보훔,0674
알바세테 발롬피에,0675
파리 FC,0676
FK 예르브,0677
NK 젤레즈니차르 슬라본스키 브로드,0678
FC 샹블리 우아즈,0679
란치아노,0680
비토리아 세투발,0681
아스트라 지우르지우,0682
셰필드 FC,0683
킬마녹,0684
PFK 스탈 까미안스크,0685
FC 빅토리아 쾰른,0686
세인트 존스턴,0687
알파이하,0688
볼턴 원더러스,0689
아라과 FC,0690
히우 아브,0691
말뫼 FF,0692
NK 프리모라츠 스토브리치,0693
아떼나스 데 싼 까를로스,0694
삼순스포르,0695
파주시민축구단,0696
지르카 키로바라드,0697
카르피,0698
NK 보니피카 이졸라,0699
선양 종즈,0700
플리머스 아가일,0701
악차아바트 세바츠스포르,0702
헤라클레스 알멜로,0703
크로아티아 세스베테,0704
경주 한국수력원자력,0705
고이아네시아 EC,0706
UJA 마카비 파리 메트로폴,0707
FK 콜루바라 라자레바츠,0708
몰데 FK,0709
ENPPI,0710
고양 Hi FC,0711
CD 우트레라,0712
빠에드 리나미스꼰드,0713
레흐 포즈난,0714
빅토리아 플젠,0715
UD 살라망카,0716
마리노 데 루앙코,0717
FC 포르투 B,0718
청두 톈청,0719
CD 테네리페,0720
장춘 야타이,0721
NC 뽀모락 코스트리나,0722
뉴욕 레드불스 II,0723
에르츠게비르게 아우에,0724
IA 아크라네스 ,0725
할레셔 FC,0726
룰레타노 DC,0727
첸나이 FC,0728
아뽈론 스미르니스,0729
글로스터 시티,0730
CD 마프라,0731
드르베카 노베 미아스토 루바프스키에,0732
CF 인디오스 시우다드 후아레스,0733
카스텔람마레 디스타비아,0734
보라츠 카자츠,0735
도체스터 타운,0736
RC 스트라스부르,0737
도치기 SC,0738
로즈부이 카토비체,0739
알 칼리즈,0740
리버 플레이트,0741
FK 슬로보다 우지체,0742
글라드삭세 히어로,0743
반포레 고후,0744
프로그레슐 부카레스트 ,0745
광주 FC,0746
IK 스타르트,0747
델리 다이너모스 FC,0748
카자 피아 AC,0749
방데 푸아레쉬르비 풋볼,0750
해번트 워털루빌,0751
장쑤 옌청 딩리,0752
AFC 본머스,0753
부자스포르,0754
하트 오브 미들로디언,0755
FC 빌뉴스,0756
우메오 FC,0757
파트로나토,0758
로코모티브 모스크바,0759
ŁKS 우치,0760
쟈코멘세,0761
AS 칸,0762
애스턴 빌라,0763
레딩,0764
SC 캄뷔르,0765
알타이,0766
우니온 테무코,0767
다마크 FC,0768
데포르티보 모론,0769
흐멜 블샤니,0770
에버턴,0771
장시 롄성,0772
판세라이코스,0773
AC 아를 아비뇽,0774
CA 비제르틴,0775
던디 FC,0776
데스포르치부 브라질,0777
OFI 크레테,0778
PSV,0779
더 흐라프스합,0780
스포르팅 CP U-23,0781
스탕다르 리에주,0782
발랑시엔 FC,0783
레이파스 라흐티,0784
플릿우드 타운,0785
파티마,0786
이스포르치 클루비 상벤투,0787
라보트니치키 스코페,0788
아레초,0789
FK 보되/글림트,0790
중국 싼샤대학교,0791
샌디에고 사커스,0792
우니베르시다드 데 콘셉시온,0793
리넨세,0794
SC 프라이부르크,0795
오스만르스포르,0796
울산 현대미포조선,0797
제니트,0798
인터나시오날,0799
퀼메스,0800
가이나레 돗토리,0801
AC 벨라리아 IM ,0802
우니앙 바르바렌시,0803
1. FC 쾰른,0804
보루시아 도르트문트 II,0805
이란자반 FC,0806
에스투디안테스 부에노스 아이레스,0807
AS 모나코,0808
AS 낭시,0809
케이프 타운 스퍼스,0810
라누스,0811
레드불 브라질,0812
라싱 클루브 데 아베야네다,0813
로보스 B.U.A.P,0814
1461 트라브존,0815
레알 솔트레이크,0816
오스트리아 루스테나오,0817
아메리카 (리우데자네이루),0818
브루나이 DPMM FC,0819
부르고스 CF,0820
RB 라이프치히,0821
함캄,0822
댈러스 번 ,0823
FC 린츠,0824
CSKA 소피아,0825
플루미넨세,0826
AFC 윔블던,0827
AO  테르프시데아 글리파다스,0828
FK 바른스도르프,0829
호벨라 우즈호로드,0830
샤힌 부시르 FC,0831
루파 로마,0832
아르카 그디니아,0833
몬테비데오 원더러스,0834
홈 유나이티드,0835
아틀레틱 클럽 빌바오,0836
세레뇨,0837
톰 톰스크,0838
에인드라흐트 알스트,0839
히베이랑,0840
과라니,0841
리즈 유나이티드,0842
캘리포니아 서프 ,0843
헤젠시,0844
베야 비스타,0845
데미르 그룹 시바스스포르,0846
BB 에르주룸스포르,0847
IFK 클락샴,0848
푸스카스 아카데미아 FC,0849
파추카,0850
보아비스타,0851
노스 텍사스 SC,0852
가즈 메탄 메디아슈,0853
MSV 뒤스부르크,0854
륑뷔 BK,0855
피냘노벤스,0856
탄다 로얄 줄루 FC,0857
라스베이거스 퀵실버스,0858
리보르노,0859
공군 축구단,0860
페레스 셀리돈,0861
오르다바시 심켄트,0862
플라이어알람 아드미라,0863
NK 노발랴,0864
산토스,0865
SpVgg 바이로이트,0866
케플라비크 IF,0867
그레미우,0868
IFK 베르나모,0869
리베르풀 풋볼 클루브 우루과이,0870
무니시팔 라이베리아,0871
뇌샤텔 크사막스 FCS,0872
FK 바니크 소콜로프,0873
홀슈타인 킬,0874
노샘프턴 타운,0875
RS 베르칸,0876
발루르 레이캬비크,0877
비르투스 엔텔라,0878
FC 즐라테모라우체,0879
아르헨티노스 주니어스,0880
마니사스포르,0881
몬차,0882
흐비도우레,0883
FC 안도라,0884
NK 오시예크,0885
아스칼스 디벨롭먼트 팀,0886
떼꼬스,0887
인스티투토 코르도바,0888
튀르크귀쥐 뮌헨,0889
디나모 바투미,0890
FC 파두츠,0891
CS 우루과이,0892
이베르돈-스포르트 FC,0893
에스투디안테스 데라플라타,0894
커쉬올더 SC,0895
꼴레지오 나시오날 이뀌또스,0896
엘체 CF,0897
후트닉 크라코프,0898
앨더숏 타운,0899
인디펜디엔테 산타페,0900
센트랄 에스파뇰,0901
해봉,0902
에히메 FC,0903
알아라비,0904
바넷,0905
밀턴킨즈 던스,0906
말라가 CF,0907
블랙풀,0908
FC 피나르 델 리오,0909
요크 시티,0910
쿠반 크라스노다르,0911
CF 페랄라다,0912
카이라트 알마티,0913
충남 아산 축구단,0914
찰스턴 배터리 ,0915
서울 이랜드,0916
저장 FC,0917
삼프도리아,0918
트라파니,0919
하따 클럽,0920
차이쿠르 리제스포르,0921
FC 로스토프,0922
KSK 베베런,0923
SV 엘베르스베르크,0924
쿨투랄 레오네사,0925
스파르타크 모스크바,0926
SV 발트호프 만하임 07,0927
헬싱보리 IF,0928
투팅 & 미챔 FC,0929
클루브 우니온 마그달레나 S.A,0930
루아얄 위니옹 생질루아즈,0931
FC 브로요프카 브르노,0932
유카텔 카이세리스포르,0933
뉴캐슬 제츠,0934
클루비 아틀레치쿠 파라나엔시 B,0935
CS 빠뜨리아,0936
빠씨 발리드 유르,0937
CD 엘 팔로,0938
토네르 디아보메 FC,0939
라피트 빈,0940
누오레제 칼초,0941
헤타페 B,0942
시그마 올로모우츠,0943
CS 스당,0944
아파레시다 이스포르치 클루비,0945
VVV-벤로,0946
리얼 스포르트 클루브,0947
알웨흐다,0948
FC 서울,0949
FK 파르티자니 티라나 ,0950
USJA 까르케퓨,0951
D.C. 유나이티드,0952
CD 비냐수르,0953
대구 FC,0954
1. FC 뉘른베르크,0955
레자나,0956
올레순 FK,0957
탬워스,0958
아틀레티코 우일라,0959
블랙타운 시티,0960
겐츨레르비를리,0961
미토 홀리호크,0962
자말레크 SC ,0963
RC 셀타 비고 B,0964
뉴욕 레드불스,0965
피찌게또네,0966
NK 베르쥐,0967
산프레체 히로시마,0968
아스콜리,0969
세비야 아틀레티코,0970
터버모어 유나이티드,0971
오르후스 GF,0972
파라나,0973
그라나다 CF,0974
시드니 유나이티드,0975
맨체스터 시티,0976
HSV 바름베크-울렌호르스트,0977
FC 흐라데츠크랄로베,0978
FC 샬케 04 II,0979
레알 무르시아 CF,0980
레드 스타 FC,0981
NK 카를로바츠 1919,0982
보아 이스포르치,0983
SC 브레겐츠,0984
올랜도 시티 SC,0985
후라 슈드,0986
르망 FC,0987
테르나나,0988
FC 시옹,0989
왓퍼드,0990
SC 사가미하라,0991
머더웰,0992
NK 마리보르,0993
사수올로,0994
스포르트 우니앙 신트렌스,0995
레이숑이스,0996
나고야 그램퍼스,0997
엘라스 베로나,0998
UD 살라망카 B,0999
루메차네,1000
페로 카릴 오에스테,1001
두클라 프라하,1002
니알라 콴 SA,1003
1. FC 카이저슬라우테른,1004
리치몬드 키커스,1005
코로나 키엘체,1006
IFK 마리에함,1007
FC 에인트호번,1008
우라와 레드 다이아몬즈,1009
FC 홍카,1010
호브로 IK,1011
페나피엘,1012
브리스톨 시티,1013
유니버시타테아 크라이오바 ,1014
CD 라우디오,1015
ES 프리마베라,1016
레드불 잘츠부르크,1017
경남 FC,1018
포르투나 뒤셀도르프,1019
시미즈 에스펄스,1020
리미니,1021
피츠버그 리버하운즈,1022
캐논 데 예운데,1023
모어컴,1024
트란미어 로버스,1025
알라에드,1026
상트 살리프 케타 바마코,1027
오스트리아 잘츠부르크,1028
스토밀 올슈틴,1029
VfL 볼프스부르크,1030
스토크 시티,1031
셰필드 웬즈데이,1032
FC 취리히,1033
카페탈레로스 데 치아파스,1034
마르살라 칼초,1035
그르노블 풋 38,1036
알이스마일리,1037
트로콰이 Utd.,1038
테르말리카,1039
NAC 브레다,1040
VfL 볼프스부르크 II,1041
레알 바야돌리드,1042
네프테히미크 니즈네캄스크,1043
알힐랄,1044
FK 올림픽 사라예보 ,1045
콘코르디아 누로프,1046
레알 마드리드,1047
아리스 테살로니키,1048
FC 흘루친,1049
1. FC 쾰른 II,1050
포를리 ,1051
1. FC 자르브뤼켄,1052
산투안드레,1053
아비스파 후쿠오카,1054
라피드 부카레슈티 ,1055
FC 로코모티브,1056
하포엘 아풀라,1057
마리티무,1058
CD 기후엘로,1059
슈투름 그라츠,1060
나스타치,1061
빅토리아 아셰픈부르크,1062
클루브 올림포 바이아 블랑카,1063
FC 이스마닝,1064
파타야 유나이티드 FC,1065
FC 소쇼 몽벨리아르,1066
바니야스 SC,1067
샬럿 FC,1068
올두스포르,1069
바이엘 레버쿠젠 II,1070
MFK 두브니차,1071
안지 마하치칼라,1072
보루시아 묀헨글라트바흐,1073
엘나시오날,1074
페트로룰 플로이에스티 ,1075
ASO 슐레프,1076
토론토 FC,1077
SV 잔트하우젠,1078
VfB 올덴부르크,1079
데포르티보 알라베스 B,1080
코제일리스포르,1081
SSV 마르크란슈태트,1082
1. FC 우니온 베를린,1083
던디 Utd.,1084
데포르테스 뉴뇨아,1085
위다드 AC 카사블랑카,1086
US 오를레앙,1087
볼프스베르거 AC,1088
트레비소,1089
텔스타,1090
이타구이 레오네스 FC,1091
LA 갤럭시,1092
베이징 궈안 탤런트 싱가포르 FC,1093
FC 벨케 메지르지치,1094
FSV 츠비카우,1095
스팔,1096
리빙스턴,1097
산시 우저우,1098
KGHM 자그웽비에 루빈,1099
파슬리 셀틱,1100
콜로라도 래피즈,1101
FC 노르셸란,1102
데포르테스 이키케,1103
프리 스테이트 스타스 FC,1104
아틀레티코 미네로 마투카나,1105
CD 산 로케 데 레페,1106
FC 도쿄,1107
클루브 데포르티보 과달라하라,1108
AC 아작시오,1109
FC 비젤라,1110
AEK 라나카 FC,1111
카디시아 SC,1112
해러깃 타운,1113
ESTAC 트루아,1114
스톡포트 카운티,1115
구르니크 자브제,1116
코르도바 CF,1117
FC 에네르기 코트부스,1118
레반테 UD B,1119
데포르티보 사프리사,1120
알리안사 페트롤레라 FC,1121
SV 호른 ,1122
잠셰드풀 FC,1123
비테서,1124
Vfl 오스나브뤼크,1125
메탈루르기 루스타비,1126
알야르무크,1127
CD 나시오날 데 엘렉트리코스,1128
레알 소시에다드,1129
게벨레 FK,1130
SpVgg 운터하힝,1131
아인트라흐트 브라운슈바이크,1132
퀸스 파크,1133
RKC 발비크,1134
메이클즈필드 타운,1135
페르시자 자카르타,1136
레퍼즈,1137
레히아 그단스크,1138
SD 폰페라디나,1139
KV 메헬런,1140
부산교통공사,1141
창저우 슝스,1142
구아라틴게타,1143
그라나다 CF B,1144
매카서 FC,1145
광둥 FA,1146
코모 1907,1147
스타드 라발루아,1148
실롱스크 브로츠와프,1149
체스터필드,1150
사모라 FC,1151
우아치파토 FC,1152
모나르카스 모렐리아,1153
AC 알카네넨세,1154
고이아니엔세,1155
FC 볼가,1156
라네르스 FC,1157
치펜햄 타운,1158
세아라,1159
홍콩 레인저스,1160
페헤바르 FC,1161
1. FK 프르지브람,1162
볼클루벤 1893,1163
새크라멘토 리퍼블릭 FC,1164
SpVgg 그로이터 퓌르트,1165
FC 바이드호픈/Ybbs,1166
FC 옴니보를트,1167
부두치노스트 포드고리차,1168
유벤투스,1169
알아흘리 SC,1170
알-와크라,1171
아폴론 리마솔,1172
미에치 레그니차,1173
에크라나스 파네베지스,1174
흐루트 디엘비크,1175
CD 바스코니아,1176
SAS 에피날,1177
CD 팔렌시아 크리스토 아틀레티코,1178
디암바스 FC,1179
미네소타 유나이티드 FC,1180
풀럼,1181
로코모티브 프로디브,1182
오타와 퓨어리 FC,1183
AIK,1184
가퍼스 타운 AFC,1185
필라델피아 유니언,1186
카이저 치프스,1187
파르티잔 베오그라드,1188
라티움,1189
메르신 이드만 유르두,1190
보헤미안스 프라하,1191
데포르티보 무니시팔,1192
올랴넨스,1193
티부로네스 로호스 데 베라크루스,1194
괴즈테페,1195
빌라노바 AC,1196
사우스엔드 유나이티드,1197
스페치아,1198
알베르카,1199
가젤레크 아작시오,1200
페르세바야 수라바야,1201
VfL 보훔 II,1202
링컨 시티,1203
GD 벨렌세 ,1204
ASK 호아리촌,1205
콜체스터 유나이티드,1206
요코하마 F. 마리노스,1207
보카 주니어스,1208
트루로 시티,1209
허난 쑹산 룽먼,1210
포르투게자,1211
SV 슈베이하트,1212
IFK 노르셰핑,1213
브라간치누,1214
아틀레티쿠 파렌세,1215
SD 우에스카,1216
앨프리턴 타운,1217
레알 무르시아 임뻬리알,1218
피오렌티나,1219
엘 다킬리아 SC ,1220
퀴질쿰,1221
사우샘프턴,1222
CD 카스테욘,1223
부르하쏫 CF,1224
엑시터 시티,1225
아카데미스크 BK,1226
RC 아르바,1227
파이산두,1228
인터 마이애미 CF,1229
부산 아이파크,1230
포 FC,1231
사간 도스,1232
쿠웨이트,1233
웨스턴 시드니 원더러스,1234
케르키라 ,1235
 AD 카보프리엔세,1236
무앙통 유나이티드,1237
발렌시아 메스타야,1238
디나모 자그레브,1239
로데스 아베롱 풋볼,1240
레알 사라고사,1241
벨리소이 IL,1242
디나모 드레스덴,1243
헤르시오 루즈 FC,1244
애틀란타 유나이티드 FC,1245
이스트렐라 아마도라,1246
창원 FC ,1247
시애틀 사운더스,1248
CF 레우스 데포르티우,1249
헤르타 베를린,1250
소콜 오스트로다,1251
RC 랑스,1252
과달라하라,1253
스타드 브레스트 29,1254
스테일리브리지,1255
반구,1256
FC 스타드-러자느 우쉬,1257
CF 빌라노벤쎄,1258
스포르툴 스투덴체스크,1259
랴오닝 훙윈,1260
엠폴리,1261
AO 트리칼라 ,1262
오로라 FC 코차밤바,1263
텔퍼드 유나이티드,1264
실케보르 IF,1265
파라두 AC,1266
FSV 프랑크푸르트,1267
다겐햄,1268
데포르테스 톨리마,1269
SV 메이너르센,1270
모투 클루브 지 상루이스,1271
레알 우니온 이룬,1272
FC 아라우,1273
카스티야,1274
아틀라스,1275
볼린 루츠크,1276
포르탈레자,1277
아우닥스 이탈리아노,1278
GD 투어리젠세,1279
FC 이스트르,1280
안데를레흐트,1281
트로펜스,1282
FK 아스타나,1283
가고시마 유나이티드,1284
웨스트 브로미치 앨비언,1285
SV 그뢰딕,1286
우니베르시타리오 데 데포르테스 리마,1287
포르투나 시타르트,1288
그레시아,1289
비스와 프워츠크,1290
에스투디안테스 데 리오 꾸아르또,1291
살레르니타나,1292
마테라,1293
FK 륀,1294
TSV 브라넨버그,1295
VfR 알렌,1296
FC 08 홈부르크,1297
토레스 칼초,1298
EN 토이 라카타미아스,1299
동커스터 로버스,1300
블랙번 로버스,1301
레기아 바르샤바,1302
페닉스,1303
바이에른 뮌헨,1304
레이튼 오리엔트,1305
우한 광구,1306
1. FSV 마인츠 05 II,1307
브레인트리 타운,1308
FC 포르투,1309
싱하 치앙그라이 유나이티드,1310
PGE FKS 스탈 미엘레츠,1311
디나모 트빌리시,1312
로코모티프 타슈켄트,1313
가시와 레이솔,1314
AA 카우덴시,1315
오에스치,1316
셰필드 유나이티드,1317
치바스 USA,1318
시드니 FC,1319
아트로미토스,1320
하제테페,1321
이스트 파이프,1322
AO 에피스코피 레심누,1323
FC 장크트갈렌 1879,1324
제프 유나이티드 이치하라,1325
AS 셰르부르,1326
사우스캐롤라이나 게임콕스,1327
올랭피크 마르세유,1328
톨루카,1329
SV 슈트라스바엘첸,1330
헬싱키 IFK,1331
FC 빈터투어,1332
천안시 축구단,1333
ACS 폴리 티미쇼아라,1334
서울신탁은행,1335
레알 오비에도,1336
월솔,1337
바라카스 센트랄,1338
CD 팔레스티노,1339
이스틀리,1340
SSV 얀 레겐스부르크,1341
파트리오타스 보야카,1342
헤일조인 타운,1343
길링엄,1344
파틱 시슬,1345
HNK 리예카,1346
알카디시아,1347
아나디아 FC,1348
산토스 라구나,1349
알두하일,1350
전북 현대 모터스,1351
비뵤르 FF,1352
미네루스 데 구아야나,1353
당진시민축구단,1354
세레즈 CD,1355
시오니 볼니시,1356
브리즈번 라이언스,1357
FC 도르드레흐트,1358
로아소 구마모토,1359
후딕스발스 FF,1360
에미리트 클럽,1361
꼬르 빠칸 클럽,1362
투르 FC,1363
헐 시티,1364
플라타니아스 FC,1365
반피엘드,1366
다마쉬 길란,1367
말라반,1368
로니꼬스 FC,1369
슈루즈베리 타운,1370
스트라돔 쳉스토호바,1371
던도크 FC,1372
비제프 우치,1373
레알 스포르팅 히혼 B,1374
AEK 아테네,1375
전남 드래곤즈,1376
페스카라,1377
이시아 와지,1378
골 FC,1379
FC 하트랜드,1380
바이아,1381
뉴욕 시티 FC,1382
기레순스포르,1383
시카고 파이어 프리미어,1384
아마란트FC,1385
레알 베티스,1386
NK 자그레브,1387
GKS 트흐,1388
치파 유나이티드 FC,1389
SD 에이바르,1390
칼리아리,1391
CA 플라텐세,1392
유니오르 FC,1393
클루브 아틀레티코 인디펜디엔테,1394
ES 우제스,1395
FC 힘키,1396
ATK 풋볼 클럽,1397
파니오니오스 FC,1398
호세 갈베스 FBC,1399
아인트라크 트리에르,1400
베이징 궈안,1401
에버턴 유스팀,1402
주벤투지,1403
세인트 패트릭스 애슬레틱,1404
피아스트 글리비체,1405
툴루즈 FC,1406
세인트헬렌스 타운,1407
크롤리 타운,1408
CD 페이렌스,1409
바이킹 FK,1410
스파르타 프라하,1411
카베제 1919,1412
릴레스트룀 SK,1413
퍼스 SC,1414
SV 에퍼,1415
CD 누만시아,1416
멜가르 FBC,1417
FK 젤레즈니크,1418
가플렌츠,1419
스타드 말레르브 캉,1420
CF 푸엔라브라다,1421
테우타 두러스,1422
브리즈번 로어,1423
BK 헤켄,1424
센트럴코스트 매리너스,1425
코킴보 우니도,1426
트롬쇠 IL,1427
SV 샨드하우젠 II,1428
융실레 SK,1429
SD 아모레비에타,1430
셀라야 FC,1431
인촨 허란산,1432
와이카토 FC,1433
모데나,1434
NK 이스트라,1435
라드니츠키 크라구예바츠,1436
빅토리아 지슈코프,1437
그라스호퍼 클럽 취리히,1438
TuS 코블렌츠,1439
바바자르스 파티 카라귐뤼크 SK,1440
마르쿠,1441
렌띠스따스,1442
ST. 미렌,1443
비셀 고베,1444
포천시민축구단,1445
라싱 데 코르도바,1446
CE 사바델 FC,1447
테라사 CF,1448
라요 마하다온다,1449
브라이턴 호브 앨비언,1450
란헤임 포트발,1451
NK BSK 비엘로 브르도,1452
아미앵 SC,1453
광저우 시티,1454
비야레알 B,1455
산둥 타이산,1456
CD 아우레라 비토리아,1457
파네톨리코스 FC,1458
부르사 메리노스포르 ,1459
RC 파리,1460
코크 시티,1461
볼루스포르,1462
루턴 타운,1463
로더럼 유나이티드,1464
라스 로자스 CF,1465
CD 테네리페 B,1466
SC 프라이부르크 II,1467
카라바흐 FK,1468
FC 마리우폴,1469
타코마 데피안세,1470
글로리아 비스트리차,1471
노팅엄 포리스트,1472
데리 시티,1473
로사리오 센트랄,1474
절러에게르세기 TE,1475
SL 벤피카,1476
바르셀로나 B,1477
파비아,1478
샌안토니오 FC,1479
쓰라시요루스,1480
FK 리가,1481
FC 로리앙,1482
아틀레티코 셀라야,1483
CF 몽레알,1484
아치리알레,1485
이로니 라마트-하샤론,1486
사네피오르 포트발,1487
우니앙 드 토마르,1488
SV 쥘터 바레험,1489
뢰멀,1490
고 어헤드 이글스,1491
볼로냐,1492
브래드포드 파크 애비뉴,1493
셰리프 티라스폴,1494
-,1495
아팔라시안 스테이트 마운테이니어스,1496
FK 테플리체,1497
오사수나,1498
몽펠리에 HSC,1499
스타드 렌,1500
우디네세,1501
FC 리부른,1502
MSP 샤모투이,1503
힘나시아 이에스그리마 라플라타,1504
FC 툰,1505
폰타나프레따,1506
츠르베나 즈베즈다,1507
FC 투겐,1508
스트룀스고세 톱포트발,1509
파리 생제르맹,1510
퍼스트 비엔나 FC,1511
GKS 야스트솅비에,1512
보르스클라 폴타바,1513
데포르티보 말도나도,1514
오스트리아 빈,1515
바산 팔로세우라,1516
탈라에아 엘 가이쉬,1517
내몽골 중유,1518
바일레 볼클루브,1519
올림피아코스 CFP,1520
모얼랜드 제브러스,1521
인데펜디엔테 델 바예,1522
데브레체니 VSC,1523
CA 사르미엔토,1524
메이드스톤 유나이티드,1525
덜리치 햄릿,1526
스윈던 타운,1527
칭다오 FC,1528
첼시,1529
에버딘,1530
아틀레티코 마드리드 B,1531
UTA 아라드,1532
투비즈,1533
빌바오 아틀레틱,1534
레알 가르실라소,1535
ES 메탈라우이,1536
FC 루스테나우,1537
하이두크 스플리트,1538
토론토 FC II,1539
RCD 마요르카,1540
엑셀 무크롱,1541
쇠네르위스케,1542
NK 마르소니아 슬라본스키 브로드,1543
케터링 타운,1544
칭다오 중넝,1545
HJK 헬싱키,1546
노스이스트 유나이티드,1547
FC 키아소,1548
FC 낭트,1549
카라레제,1550
크루스 아술,1551
회가보리 BK,1552
빌라베르덴스 FC,1553
카부스코르프 SC,1554
RS 푸치볼,1555
코센차,1556
US 크레테이,1557
수원 삼성 블루윙즈,1558
반즐리,1559
아리에술 투르다 ,1560
게이츠헤드,1561
코니아스포르,1562
토르페도 모스크바,1563
뉴잉글랜드 레볼루션,1564
주이시 길드,1565
페르세폴리스 FC,1566
NK 유나크 신,1567
아르세날 툴라,1568
바르짐,1569
케임브리지 유나이티드,1570
쿠웨이트 SC,1571
유나이티드 취리히,1572
LAFC,1573
US 레쥬 캅 페레,1574
톰벤시,1575
알라니아스포르,1576
ASM 벨포르,1577
섐록 로버스,1578
보루시아 묀헨글라트바흐 II,1579
네스비 볼드클루브,1580
알리안사 아틀레티코 데 수야나,1581
켐니처 FC,1582
체르노모레츠 노보로시스크,1583
세르클러 브루게,1584
RCD 에스파뇰,1585
FC 산타 콜로마,1586
FC 흐로닝언,1587
파프,1588
오덴세 BK,1589
FC 아일렌부르크,1590
세인트조지스 SC,1591
NK 루츠코,1592
모즐리,1593
에시하 발롬피에 ,1594
AC 호르센스,1595
카라자베이 벨레디예스포르,1596
U.C.D,1597
베이징 엔터프라이즈,1598
파스 야니나,1599
울산 현대,1600
플로라 탈린,1601
오드 BK,1602
PFC CSKA 모스크바,1603
CD 코브렐로아,1604
탬파베이 라우디스,1605
CD 마샤케느,1606
스타드 랭스,1607
가지안테프스포르,1608
포레스 메카닉스,1609
RAA 루비에루아즈,1610
스컨소프 유나이티드,1611
가요스 블랑코스 데 케레타로,1612
FK 라드니치키 베오그라드,1613
NA 후세인 데이,1614
마케도니아 요르체 페트로프,1615
슬라비아 소피아,1616
에스포르티바 티라덴테스,1617
피게이렌세,1618
로코모티브 칼루가,1619
크로토네,1620
코통 스포르 가루아,1621
FC 류쿠,1622
랑공 FC,1623
장쑤 쑤닝 FC,1624
FK 제문,1625
라요 바예카노,1626
AS 생-레미,1627
마카라,1628
세인트루이스 시티 SC,1629
JS 카빌리,1630
페예노르트,1631
스완지 시티,1632
FC 의정부,1633
씨마로네스 데 쏘로나,1634
TJ 지스크라 도마즈리치,1635
데포르티보 알라베스,1636
다르다넬스포르 ,1637
리에파야스 메탈루르크스,1638
MVV 마스트리흐트,1639
앙카라 케시오렌구추,1640
CD 나시오날,1641
움살랄 SC ,1642
키샤다 푸테볼 클루브,1643
산조반네제 1927,1644
레알 바야돌리드 B,1645
라에키다드,1646
PEC 즈볼러,1647
FK 추카리치키,1648
UMF 셀포스,1649
FC 오렐,1650
VfB 슈투트가르트,1651
FK 믈라다볼레슬라프,1652
청두 룽청,1653
바르타 포즈난,1654
우니앙 상주앙,1655
외스테르스 IF,1656
파룰 콘스탄차,1657
제네라시옹 풋,1658
클루브 아틀레티코 투바라오,1659
FK 스렘치차,1660
FC 신시내티,1661
디나모 모스크바,1662
FC 바커 인스브루크,1663
슬라이고 로버스,1664
FK 야고디나,1665
사우스포트,1666
FIU 팬터스,1667
버턴 앨비언,1668
셀타 비고,1669
톈진 진먼후,1670
VV 노르트베이크,1671
우니앙 자 마데이라,1672
스파르타크 날치크,1673
뮐리코스켄 팔로 -47,1674
샌안토니오 선더,1675
파자노 오카야마,1676
레코,1677
마츠모토 야마가 FC,1678
F.C. 한자 로스토크,1679
FC U 크라이오바 1948,1680
바라깔도 CF,1681
보이보디나 노비사드,1682
고도이 크루스,1683
AC 빌라 메이아,1684
만프레도니아,1685
FUS 라밧,1686
노츠 카운티,1687
산마리노 칼초,1688
고양 KH,1689
우니베르시다드 데 산마르틴 데 포레스,1690
비야레알 CF,1691
로마 FC,1692
NK 로코모티바 자그레브,1693
포르티모넨스 SC,1694
함부르크 SV II,1695
브장송 RC,1696
수원 FC,1697
아미카 브론키,1698
레바디아코스,1699
메트로폴리타노 ,1700
FC 바르셀로나,1701
FC 지롱댕 보르도,1702
클루브 나시오날 데풋볼,1703
부다페스트 혼베드,1704
알나스르 SC 두바이,1705
파나차이키 FC,1706
NK 돔잘레,1707
프레드릭스타 FK,1708
애들레이드 유나이티드,1709
우니온 데 드엘라,1710
UE 야고스테라,1711
와리 울브스 FC,1712
TSG 호펜하임,1713
피아첸차,1714
알아달라 클럽,1715
아틀란테,1716
알라이얀,1717
퍼스 글로리,1718
클루브 아틀레티코 데 산루이스,1719
GIF 순스발,1720
빌라노바 FC,1721
팔레르모,1722
레체,1723
파흐타코르,1724
김해시청,1725
알웨흐다트,1726
외스테르순드 FK,1727
올랭피크 알레스,1728
FC 메랭,1729
성남 FC,1730
몬테비데오 시티 토르퀘,1731
보루시아 도르트문트,1732
상하이 하이강,1733
TSV 1860 하나우,1734
KV 오스텐더,1735
네칵사,1736
메트로스타스,1737
스포르팅 CP,1738
사마라,1739
FC 우랄,1740
FC 탈빌,1741
NK 흐르바츠키 드라고볼랴츠,1742
FC 위트레흐트,1743
레 어비에제 VF,1744
CR 아틀레치쿠 카탈라누,1745
웨스턴 유나이티드 FC,1746
티로 페데랄 아르헨티노,1747
AC 피렌체 론디넬라,1748
벨그라노 데 코르도바,1749
강원 FC,1750
디나모 키이우,1751
방데 뤼송 풋볼,1752
FC 아로카,1753
카디스 CF,1754
포트로더데일 스트라이커스,1755
인테르 자프레시치,1756
수드티롤 ,1757
풋볼 클루브 후아레스,1758
파오크 FC,1759
레알 SC,1760
GD 가파냐,1761
바슬란트-베베런,1762
브리스톨 로버스,1763
스톡스브리지 파크 스틸스,1764
뉴캐슬 유나이티드,1765
FC 고아,1766
아바이,1767
야네로스 FC,1768
옥스퍼드 시티,1769
에르쿨레스 CF,1770
La U 우니베르시따리오스,1771
하보일 브네 사흐닌,1772
1. FC 뉘른베르크 II,1773
로스 카운티,1774
포곤 슈체친,1775
트락토르 클럽,1776
IF 림함 분케플로,1777
포르투나 뒤셀도르프 II,1778
알하젬,1779
FC 바르셀로나 C,1780
산투추 FC,1781
옵틱 라테나우,1782
부르캉브레스 01,1783
과라팅구에타 풋보르 Ltda. (SP),1784
나흐바호르,1785
홋카이도 콘사돌레 삿포로,1786
충주시민축구단,1787
그로세토,1788
ADO 덴하흐,1789
산토스 FC,1790
알아인,1791
FK 벨레즈 모스타,1792
시애틀 사운더스 FC 2,1793
TSV 노이마르크트,1794
사이공 FC,1795
라 비트리이엔 FC,1796
에비앙 FC,1797
NK 리예카,1798
CD 레가네스 B,1799
TWL 일렉트라,1800
마르세유 콩솔라,1801
라벤나,1802
FRC 세랭,1803
카를스루어 SC,1804
스테아우아 부쿠레슈티,1805
리에르세,1806
보투포랑겐시,1807
더글라스 하이그,1808
셀틱,1809
보루시아 노인키르헨,1810
AS 레알 바마코,1811
OGC 니스,1812
TSV 1860 뮌헨,1813
카르파티 리비우,1814
KFC 위르딩엔 05,1815
마카비 하이파,1816
FC 코펜하겐,1817
US 불로뉴,1818
믈라도스트 포드고리차,1819
크레모네세,1820
새너제이 어스퀘이크,1821
MŠK 질리나,1822
뷔르츠부르거 키커스,1823
플라멩구,1824
아르미니아 빌레펠트,1825
이투아누,1826
포틀랜드 팀버스,1827
서튼 유나이티드,1828
파워 다이나모스 FC,1829
U 아메리카 FC,1830
IF 브로마포이카르나,1831
마멜로디 선다운즈,1832
엑셀시오르 로테르담,1833
GD 샤베스,1834
노스컷 시티 SC,1835
US 토르시 지오반,1836
하노이 FC,1837
타예레스 레메디오스 데 에스칼라다,1838
그림즈비 타운,1839
퀵 보이즈,1840
WSG 티롤,1841
할름스타드 BK,1842
우한 FC,1843
AS 생테티엔,1844
노이카타로,1845
아인트라흐트 브라운슈바이크 II,1846
로다 JC 케르크라더,1847
USM 엘하라시,1848
ND 고리차,1849
체스터 시티,1850
브뢴뷔 IF,1851
FC 덴보스,1852
트라시불로스 필리스,1853
배로 AFC,1854
뽀뗀자,1855
로치데일,1856
솔퍼드 시티,1857
클루브 유니아 미카에렌세,1858
비스와 크라쿠프,1859
SFC 오파바,1860
폴커크,1861
물루디아 올랭피크 드 베자이아,1862
뭄바이 시티 FC,1863
AS 드래곤스 FC 드 이오엠,1864
베르더 브레멘 II,1865
데스나 체르니히우,1866
헤보르도자 AC,1867
SK 슬라비아 프라하,1868
달링턴,1869
코브 램블러스,1870
알와흐다,1871
자나코 FC,1872
티튜스 페탄쥐,1873
AZ,1874
페렌츠바로시 TC,1875
차이낫 혼빌 FC,1876
FC 크라스노다르,1877
인테르나치오날 쿠르테아 데 아르제슈,1878
레지나,1879
이파칭가 FC,1880
탬파베이 뮤터니,1881
아틀레티코 투쿠만,1882
스포팅 KC,1883
FK 하이두크 쿨라,1884
우니베르시다드 카톨리카,1885
비토리아,1886
NK 첼레,1887
슬로반 브라티슬라바,1888
퓨니크 예레반,1889
알바틴,1890
오미야 아르디자,1891
핼리팩스 타운,1892
아틀레티코 마드리드,1893
앙나방 갱강,1894
미라냔 지냑,1895
LKS 고칼고프스-즈드로이,1896
FC 장크트파울리,1897
파도바,1898
소콜 사라토프,1899
알나스르,1900
VfB 슈투트가르트 II,1901
FC 메밍엔,1902
센트라우 SC,1903
디바 알푸자이라,1904
헨즈포드,1905
세비야 FC,1906
뉴포트 카운티,1907
IF 실비아,1908
FK 우스티나트라벰,1909
칼스루허 SC II,1910
대전 코레일 FC,1911
프로 베르첼리,1912
베네치아,1913
엘덴세,1914
버밍햄 리전,1915
라드니치키 니시,1916
레알 베티스 발롬피에 B,1917
HNK 고리차,1918
말라가 B,1919
팔케 마르크트 슈바벤,1920
판트라키코스 FC 코모티니,1921
페루자,1922
1. FC 슬로바츠코,1923
RC 겡크,1924
포블라 데 마푸메트 CF,1925
가지안테프 FK,1926
아키사르스포르,1927
구르니크 웽치나,1928
헤이스 & 에딩 유나이티드,1929
AD 빠를라,1930
버밍엄 시티,1931
CD 올리바이스 모스카비드,1932
메탈루르흐 자포리자,1933
루빈 카잔,1934
오드라 오폴레,1935
포지본시,1936
졸리바 AC,1937
아비롱 바욘,1938
폴리뇨,1939
켐벨타운,1940
아포엘 FC,1941
SV 베스트팔리아 리네른,1942
USMP,1943
체세나,1944
베리,1945
FK 사라예보,1946
데게르포르스 IF,1947
구비오,1948
SC 미란델라,1949
FC 잉골슈타트 04,1950
파우메이라스,1951
UD 오라다다,1952
쿠마시 레인보우 FC,1953
샤밥 알오르돈 알카디시야,1954
갈라타사라이 SK,1955
SV 바커 부르크하우젠,1956
엘자이시,1957
온세 칼다스,1958
피닉스 아카데미,1959
타예레스 데 코르도바,1960
미엘뷔 AIF,1961
FC 뮐루즈,1962
프레쥐스 생라파엘,1963
모지미링,1964
바스쿠 다 가마,1965
쿠마시 아산테 코토코 FC,1966
피스토이에세,1967
키더민스터 해리어스,1968
프레스턴 노스 엔드,1969
FC 댈러스,1970
뉴얼스 올드보이스,1971
KS 베사 카바여,1972
코벤트리 시티,1973
아다나 데미르스포르,1974
LASK,1975
알사드,1976
니키 볼로스,1977
FK 사바일,1978
J. 말루치엘리 푸트볼,1979
화성 FC,1980
워킹턴,1981
피닉스 라이징 FC,1982
RCD 에스파뇰 B,1983
불린 라이온스,1984
베네벤토,1985
스포르트 보이스,1986
FC 부뇨드코르,1987
애크링턴 스탠리,1988
NEC 네이메헌,1989
RC 레크레아티보,1990
FC 니트라,1991
데니즐리스포르,1992
아라스 축구 협회,1993
베스테로스 SK,1994
산드니스 Ulf,1995
다누비오 FC,1996
CS 스팍시앵,1997
AE 파포스,1998
OFK 베오그라드,1999
느그리슴빌란 FA,2000
USM 알제,2001
인디 일레븐,2002
FK 포드브레조바,2003
브렌트퍼드,2004
토트넘 홋스퍼,2005
일크스튼,2006
우니온 산타페,2007
아메리카 데 칼리,2008
DC 모테마 펨베 ,2009
미네르벤,2010
CFR 클루지,2011
TSV 1860 뮌헨 II,2012
에투알 스포르티브 뒤 사엘,2013
아벨리노,2014
올리베이렌스,2015
원저우 프로방스 FC,2016
드라바 프투이,2017
예이트 타운,2018
트라브존스포르,2019
BSC 올드보이스 바젤,2020
빅토리아 칼,2021
김포시민축구단,2022
콜럼버스 크루,2023
올랭피크 리옹,2024
베르더 브레멘,2025
FC 아우크스부르크,2026
우한 싼전,2027
우니온 라칼레라,2028
파나티나이코스 FC,2029
고이아스,2030
알이티파크,2031
아틀레치쿠 소로카바,2032
레스터 시티,2033
HZ 그린타운,2034
FC 마르티그,2035
하포엘 크파르사바,2036
알타원,2037
알아흘리,2038
프라토,2039
인테르 투르쿠,2040
젬플린 미할로우체,2041
키치 스포츠 클럽,2042
미라마르 미씨오네스,2043
FC SKA 하바롭스크,2044
AJ 오세르,2045
ABC,2046
CD 톨레도,2047
나시오나우 FC MG,2048
마게이트,2049
카탈레 도야마,2050
콜론,2051
SV 하위전,2052
USC 오이겐도르프,2053
클럽 티후아나,2054
꾸오삐온 빨로세우라,2055
호르헤 윌스떼르만,2056
아메리카,2057
레알 따말레 유나이티드,2058
SNK 무라,2059
우니온 푀클라마르크트,2060
카슴파샤 SK,2061
올리비에이라 하스피탈 ,2062
베이라마르,2063
아약스,2064
벨라시차 GC (옛 이름),2065
노스타 노보트로이츠크,2066
가와사키 프론탈레,2067
스티버니지,2068
아우트-헤버를레이 뢰번,2069
LD 알라후에렌세,2070
ASEC 미모자,2071
아메리카 푸트볼 클루브(SP) ,2072
송달 포트발,2073
메이저우 케자,2074
종프코비아 종프키,2075
벨레스 사르스피엘드,2076
SD 베아사인,2077
클럽 데포르테스 테무코,2078
아틀레티코 산루케뇨 ,2079
선덜랜드,2080
차카리타 주니어스,2081
그레미우 바루에리,2082
클레르몽 풋 63,2083
코르도바 B,2084
SV 마터스부르크,2085
브래드퍼드 시티,2086
FK 니츠니 노브고로드,2087
FC 미트윌란,2088
